sequence,image
FAAFTATAFFADDTTFDTDTTATDDFFAFDADAFFDDTDFFFDAFTTDTAAFFTFDFFTFAFFFA,img0.jpg
FADDFDFTDTDADATADTAAAAFATFFATTADAAADFFFAATTDAADFTTATTDTFDFFAAADTA,img1.jpg
DADTTTTTADDTDTTFATFTDAFFTFFTFAATFFFFTDAFADTDTTFFADFAFADATATTTAAFF,img2.jpg
DDFFTTADAAFDADDDTTAFADAFTDAADFFTAFTDTDFATDTAAFFFTFAAFTFAFFADFTTDF,img3.jpg
FADAFDTFTFATFATAATFFDTFAAFATFAATFFDFFTAATFFFADFAFADAAADFDDFFDFDTF,img4.jpg
AFTTTFDDTTDDFFFFAFTTDDTDFATADTTTAATAFTAFDATFTAATATFAAAFTDATDATTFT,img5.jpg
DADFADDTFFTAAFDTTDFAFAAAAFDDTAAFDDDAAAAFAFDTDADTDTDAATADFTDADATTD,img6.jpg
DDTDADFTADDDDTDDTTADDTAAADTDDAFADDDTFFDDDDADDADDTTTDAFAFDDFAFTDDA,img7.jpg
AFFTTAFFAFADTDDTAAFDAATAADFATTFDAAAATAAATAAADAADTTDAADFDTTAFDFDFF,img8.jpg
FFTTFFTAFDDAAFFTAFTAAFADFFTDFDTTFTADDADFTAFDDAFTAADADDATADADAATTT,img9.jpg
